# Add tutorial shortcut
/tutorial/ /docs/tutorial/introduction/

# Add Developer Tools category to root docset
/resources/apollo-config/ /docs/devtools/apollo-config/

# Get rid of "References" category
/references/apollo-config/ /docs/devtools/apollo-config/
/references/apollo-config.html /docs/devtools/apollo-config/
/references/setup-analytics/ /docs/graph-manager/setup-analytics/

# Split "Apollo Engine guide" into two articles
/references/apollo-engine/ /docs/graph-manager

# Redirect Removed Guides to Platform Features
/guides/security.html /docs/platform/operation-registry
/guides/monitoring.html /docs/platform/integrations
/guides/versioning.html /docs/platform/schema-checks#versioning

# This lived here for a short period of time.
/resources/apollo-config.html /docs/devtools/apollo-config

# Redirect Removed Guides to Client & Server Docs
/guides/schema-design.html /docs/apollo-server/essentials/schema
/guides/testing-react-components.html /docs/react/recipes/testing
/guides/state-management.html /docs/react/essentials/local-state
/guides/access-control.html /docs/apollo-server/features/authentication

# File uploads no longer have a home, but the blog post is the same content.
/guides/file-uploads.html https://blog.apollographql.com/file-uploads-with-apollo-server-2-0-5db2f3f60675

# Move our Apollo config docs to the References section
/platform/apollo-config.html /docs/devtools/apollo-config
/platform/setup-analytics.html /docs/references/setup-analytics
/platform/schema-checks.html /docs/studio/schema-checks

# Move Graph Manager docs to their own website
/platform/* /docs/studio/:splat
/references/graph-manager-data-privacy/ /docs/studio/data-privacy/
